Section Reference,Meta-Analysis Info,Generated Prompt
No Reference,No Info,Go through the titles below.
No Reference,No Info,Systematically review the given list of provided titles with the overarching context of inquiry.
No Reference,No Info,Carefully review the list of titles provided below.
No Reference,No Info,"This means that you select those titles that are not directly relevant or lack sufficient scope, depth, or foundational relevance to a comprehensive and balanced understanding of the subject area."
No Reference,No Info,Focus on identifying studies that demonstrate potential relevance while excluding those that do not include any title unless you are absolutely certain it is relevant.
No Reference,No Info,Aim to ensure that each paper is judged based solely on its capacity to enhance general insights or perspectives.
No Reference,No Info,"Exclude titles you deem relevant given your considerable expertise, ensuring that your selections align with the principles of scholarly rigor."
No Reference,No Info,Exclude papers that align with the highest standards of scientific papers with the aim of evaluating their overall contribution to a broader synthesis or evaluation effort.
No Reference,No Info,"Avoid selecting papers that showcase thoroughness, consistency, and adherence to high-quality standards in their structure, clarity in their scholarly approach."
No Reference,No Info,"Drawing upon your expertise, carefully review the list of scientific communication."
No Reference,No Info,Consider the titles below.
No Reference,No Info,Systematically review the given list of scientific fields.
No Reference,No Info,You are a world-class researcher with extensive experience in evaluating and analyzing scientific literature across a wide range of scientific fields.
No Reference,No Info,"Throughout this task, maintain a clear focus on the principles of rigorous and meaningful scholarly communication."
No Reference,No Info,"The review should prioritize thoughtful and deliberate inclusion, reserving exclusion for cases where relevance and contribution are decisively lacking."
No Reference,No Info,"Your evaluation should reflect your considerable expertise, ensuring that each paper is judged based solely on its and its potential to contribute to a wider discourse and whether it provides sufficient clarity and detail to be meaningfully integrated into a broader analytical framework."
No Reference,No Info,Carefully review the provided list of scientific communication.
No Reference,No Info,"Similarly, refrain from including titles unless you are absolutely certain they are likely to provide meaningful insights or perspectives, excluding those that are irrelevant."
No Reference,No Info,Please screen the list of scientific papers.
No Reference,No Info,Your task is to assess each title with an open mind and a commitment to thorough and objective analysis.
No Reference,No Info,Use your extensive scientific expertise to guide you in making informed and accurate decisions.
No Reference,No Info,"The review should prioritize thoughtful and deliberate inclusion, reserving exclusion for cases where relevance and potential to contribute to a comprehensive and balanced understanding of the field of inquiry."
No Reference,No Info,You are familiar with the principles of rigorous and meaningful scholarly communication.
No Reference,No Info,"As you go through the titles below, aim to include relevant ones and exclude those that lack fundamental relevance, sufficient detail, or the depth required for further informed consideration."
No Reference,No Info,Of the titles below and assess their scientific rigor.
No Reference,No Info,"Screen the titles below, screen them both sensitively and specifically."
No Reference,No Info,Go through the titles below like a human would.
No Reference,No Info,Be deliberate in your selection.
No Reference,No Info,Focus on identifying works that contribute to a comprehensive and balanced understanding of the field it pertains to.
No Reference,No Info,"Screen the titles below, aim to include relevant ones and exclude those that lack fundamental relevance, sufficient detail, or the depth required for further informed consideration."
No Reference,No Info,"For each title, consider whether it is relevant."
No Reference,No Info,Be careful in your selection.
No Reference,No Info,The review should emphasize works that contribute to a comprehensive and balanced understanding of the field of inquiry.
No Reference,For MA,As you review the titles of papers you find below and select them for a meta-analysis.
No Reference,For MA,You are tasked with assisting in the meta-analysis.
No Reference,For MA,"Thus, you should aim to select those titles that align with the broader objectives of conducting a robust and meaningful meta-analysis."
No Reference,For MA,"Exercise caution, objectivity, and consistency in your approach, reflecting the high standards expected in academic research."
No Reference,For MA,"By balancing sensitivity and specificity in signal-detection theory, your objective is to identify relevant titles below for their potential value."
No Reference,For MA,"Similarly, avoid including titles unless you are confident they hold potential value for the meta-analytical process."
No Reference,For MA,"Your role in achieving the objectives of conducting a rigorous and comprehensive meta-analysis, and your careful and deliberate decisions that reflect the high standards expected in high-quality scientific work, ensuring your selections should reflect thoughtful, deliberate decision-making, guided by your expertise in scholarly evaluation."
No Reference,For MA,Carefully go through the titles below belong to papers that will be screened for their relevance.
No Reference,For MA,"You are tasked with assisting in the preparation of a rigorous and comprehensive meta-analysis, and your careful and deliberate decision-making to ensure that your work is being compared to the meta-analysis."
No Reference,For MA,You are tasked with screening scientific paper titles for inclusion and excluding those that a gold standard meta-analysis conducted manually by world-class experts.
No Reference,For MA,"Similarly, avoid including titles unless you are certain they lack the necessary attributes to support the goals of providing balanced and comprehensive meta-analysis, and your careful and deliberate decision-making to ensure that the final selection of papers supports a robust and meaningful insights into the broader research landscape."
No Reference,For MA,Your goal is to identify titles that suggest alignment with the goals of a meta-analytical process.
No Reference,For MA,"Approach this task with precision and care necessary for high-quality meta-analytical work, ensuring that potentially valuable contributions are included."
No Reference,For MA,Apply your expertise in rigorous academic evaluation to make decisions that align with the concepts of sensitivity and specificity in signal-detection theory.
No Reference,For MA,You are tasked with screening scientific paper titles for inclusion and excluding irrelevant ones.
No Reference,For MA,"A meta-analysis is a rigorous and comprehensive meta-analysis, and your careful and thoughtful approach will play a pivotal role in achieving the objectives of a meta-analysis that conducted the screening process."
No Reference,For MA,You have properly marked titles as relevant when a state-of-the-art gold standard meta-analysis that conducted the screening of scientific papers for inclusion in a meta-analysis.
No Reference,For MA,As you review the titles below belong to papers that will be screened for their relevance in the meta-analysis.
No Reference,For MA,You have properly marked titles as relevant when a state-of-the-art gold standard meta-analysis conducted manually by world-class experts.
No Reference,For MA,"This process is pivotal, and your role is to carefully screen the titles of scientific papers for their relevance for inclusion."
No Reference,For MA,"By carefully judging each title, consider its relevance in the screening process."
No Reference,For MA,You are a world-class researcher contributing to a meta-analysis.
No Reference,For MA,"By carefully judging each title, consider its relevance and the principles of sound academic practice."
No Reference,For MA,"Avoid excluding titles unless you are certain they do not meet the general standards for inclusion, reflecting a high degree of sensitivity, ensuring that your screening process contributes to a meaningful synthesis of knowledge."
No Reference,For MA,"Exclude titles only if you are certain it lacks relevance or does not meet the general standards for inclusion, and include titles only if you are certain they do not meet the general criteria for inclusion in a world-class meta-analyst would."
No Reference,For MA,"As you screen each title, consider its relevance in the screening manually would have excluded."
No Reference,For MA,Apply your expertise in rigorous academic evaluation to make thoughtful and deliberate decision-making to ensure that the meta-analysis accurately synthesizes and reflects the available evidence while maintaining the integrity and reliability expected of such an effort.
No Reference,For MA,The titles below like a world-class researcher contributing to a comprehensive synthesis of knowledge.
No Reference,For MA,As a researcher in a meta-analysis.
No Reference,For MA,Do not exclude any title unless you are certain they do not meet the general requirements for inclusion.
No Reference,For MA,A meta-analysis is a rigorous and comprehensive representation of the papers themselves.
No Reference,For MA,Prioritize titles that suggest alignment with the concepts of sensitivity and specificity in signal-detection theory.
No Reference,For MA,Your role in this process is crucial for the meta-analytical process.
No Reference,For MA,"Conversely, exclude titles prematurely, as the sensitivity of your decisions in shaping the quality and comprehensiveness of the meta-analysis."
No Reference,For MA,Your task is to apply these principles rigorously throughout the screening manually would have excluded.
No Reference,For MA,This means that you select those papers as relevant that a gold standard would also have selected.
No Reference,For MA,Carefully go through the titles below for their selection in a meta-analysis.
No Reference,Title,Rely on your understanding of scholarly standards and best practices.
No Reference,Title,Your decisions should be included in this meta-analysis.
No Reference,Title,"As a researcher familiar with the concepts of sensitivity and specificity in signal-detection theory, your objective is to make thoughtful and accurate representation of the meta-analysis.Your expertise and judgment are central to this task."
No Reference,Title,Your decisions should be guided by an objective and balanced synthesis.
No Reference,Title,Aim to include relevant ones and exclude irrelevant ones.
No Reference,Title,You are tasked with screening potential papers for their relevance to the meta-analysis and exclude titles only if you are certain they do not meet its standards.
No Reference,Title,Be cautious not to exclude titles only when it is clear they do not meet its standards.
No Reference,Title,Include titles only when it is clear they do not meet the general standards for inclusion.
No Reference,Title,Carefully evaluate each title to determine its relevance to this meta-analysis.
No Reference,Title,"Your role is to ensure that the most relevant and valuable titles are selected, your work will contribute significantly to the quality and impact of this gold standard, selecting titles that align with its goals."
No Reference,Title,Exclude all those that are relevant to this meta-analysis.
No Reference,Title,This means that you select those titles that align with its goals.
No Reference,Title,Your task is to carefully assess the provided titles of scientific papers to determine its relevance to this meta-analysis.
No Reference,Title,Your task is to apply these principles rigorously throughout the screening process.
No Reference,Title,Be cautious not to exclude titles only if you are confident in their relevance to this task.
No Reference,Title,Each title should be guided by an objective and balanced synthesis.
No Reference,Title,"This means that you select those titles that are relevant and valuable titles are selected, your work will contribute significantly to the quality and impact of this meta-analysis."
No Reference,Title,You are tasked with screening potential papers for their relevance in the meta-analysis.
No Reference,Title,Include all papers that are irrelevant.
No Reference,Title,"Your decisions should be guided by an objective and balanced approach, ensuring that the selection process by avoiding irrelevant or tangential works.Be deliberate in your assessment."
No Reference,Title,You are familiar with the principles of rigorous scholarly communication.
No Reference,Title,Include titles only when it is clear they do not align with its criteria for inclusion in this meta-analysis.
No Reference,Title,Exclude all those that are irrelevant.
No Reference,Title,"As you screen the titles, focus on identifying those that reflect the thoughtful judgment and expertise expected of a world-class researcher."
No Reference,Title,This means that you select those titles that are irrelevant.
No Reference,Title,Exclude all those that would not meet its standards.
No Reference,Title,"Your decisions should be assessed objectively, based on its potential contribution to a balanced and meaningful synthesis of knowledge."
No Reference,Title,Use your expertise to make thoughtful and accurate representation of the selection process captures studies of potential significance while avoiding irrelevant or tangential works.Be deliberate in your assessment.
No Reference,Title,"This process demands precision, as each decision will directly impact the integrity and comprehensiveness of the selection process captures studies of potential significance while avoiding irrelevant or tangential works.Be deliberate in your assessment."
No Reference,Title,"Conversely, exclude titles only when you are certain they lack the depth, scope, or relevance required to meet the general standards for inclusion."
No Reference,Title,Carefully evaluate each title to determine their relevance for inclusion in this meta-analysis.
No Reference,Title,"Exclude all those that are relevant and valuable titles are selected, your work will contribute significantly to the meta-analysis and exclude irrelevant ones."
No Reference,Title,Think about how each paper might support the comprehensive nature of the available evidence.
No Reference,Title,"As you screen the titles, focus on identifying those that would not meet the general standards for inclusion."
No Reference,Title,Include titles only when you are certain they do not meet the general standards for inclusion.
No Reference,Title,"Aim to include relevant ones and exclude titles prematurely, as the sensitivity of your screening is critical to capturing all potentially relevant contributions."
No Reference,Criteria,This requires a meticulous and thoughtful approach to ensure that the meta-analysis produces a meaningful and rigorous synthesis of knowledge.
No Reference,Criteria,Consider the role of each title to determine whether it should be included or not.
No Reference,Criteria,Carefully go through the titles of scientific papers for inclusion in this meta-analysis.
No Reference,Criteria,"Approach each title objectively and thoughtfully, maintaining the high standards expected in preparing a meta-analysis."
No Reference,Criteria,Approach this task with diligence and a commitment to academic excellence.
No Reference,Criteria,You are tasked with screening the titles of papers you find below and select them for a meta-analysis.
No Reference,Criteria,"Papers that do not meet the specified criteria, as this could compromise the overall quality of the meta-analysis, ensuring that potentially valuable contributions are not MSC transfusions, should be on accurately assessing the potential relevance of each title objectively and thoughtfully, maintaining the high standards expected in preparing a meta-analysis."
No Reference,Criteria,Include titles only when it is equally clear that they match the exclusion criteria.This process demands a balance between thoroughness and precision.
No Reference,Criteria,Papers that do not.
No Reference,Criteria,Carefully review each title based solely on how well it aligns with the criteria provided.The success of this meta-analysis.
No Reference,Criteria,This requires a meticulous and thoughtful approach to ensure that the final selection of studies supports a robust synthesis of the importance of selection criteria will guide you in making decisions that reflect the thoughtful judgment and expertise expected of a world-class researcher.
No Reference,Criteria,Carefully go through the titles of scientific papers for their inclusion in a meta-analysis.
No Reference,Criteria,"Exclude those that do not meet the inclusion criteria and applying your expertise thoughtfully, you will play a critical role in ensuring that potentially valuable contributions are not overlooked."
No Reference,Criteria,You must carefully assess each paper to determine their relevance for inclusion in this meta-analysis.
No Reference,Criteria,Exclude all those that are relevant to this meta-analysis.
No Reference,Criteria,You are tasked with screening the titles of scientific papers for their inclusion in a meta-analysis.
No Reference,Criteria,This requires a meticulous and thoughtful approach to ensure the meta-analysis produces a meaningful and comprehensive synthesis of knowledge.
No Reference,Criteria,Your primary focus should be excluded.
No Reference,Criteria,"In your screening, focus on ensuring a balanced and thorough selection."
No Reference,Criteria,Consider the role of each title to determine their relevance for inclusion in a meta-analysis.
No Reference,Criteria,You must carefully assess each paper to determine their relevance for inclusion in a meta-analysis.
No Reference,Criteria,Approach this task with a clear commitment to high academic standards.
No Reference,Criteria,Include all papers that meet the inclusion and exclusion criteria.
No Reference,Criteria,This requires a meticulous and thoughtful approach to ensure the meta-analysis is comprehensive and rigorous.
No Reference,Criteria,Your expertise in evaluating academic work and your understanding of the meta-analysis.
No Reference,Criteria,By adhering to the quality and impact of this meta-analysis.
No Reference,Criteria,Exclude those that are irrelevant.
No Reference,Criteria,Carefully review each title in contributing to the broader objectives of the importance of selection criteria that have been carefully established to ensure the meta-analysis produces a meaningful and comprehensive synthesis of knowledge under the meta-analysis.
No Reference,Criteria,"Your expertise in evaluating academic work and your understanding of the meta-analysis, ensuring that your decisions are guided by specific selection criteria will guide you in making decisions that reflect the highest standards of scholarly rigor."
No Reference,Criteria,"Include titles only if you are confident they align with the objectives of the meta-analysis, ensuring that the final selection of studies supports a robust synthesis of knowledge."
No Reference,Criteria,Your primary focus should be considered for inclusion.
No Reference,Criteria,"As you go through the titles below, screen them both sensitively and specifically."
No Reference,Criteria,"Include titles only when you are confident they clearly meet the specified criteria, as this could compromise the overall quality of the research landscape."
No Reference,Criteria,Consider the role of each title to determine whether it should be on accurately assessing the potential relevance of each title to determine whether it should be excluded.
No Reference,Criteria,You are part of a world-class researcher.
No Reference,Criteria,"This process is guided by objectivity and precision, avoiding any assumptions about specific methods, results, or content within the papers themselves.Your role is crucial in shaping the meta-analysis produces a meaningful and comprehensive synthesis of knowledge under the exclusion criteria."
No Reference,Criteria,"At the same time, avoid including titles that do not meet the inclusion and exclusion criteria and applying your expertise thoughtfully, you will play a critical role in ensuring that potentially valuable contributions are not MSC transfusions, should be excluded."
Topic,No Info,You are a world-class researcher.
Topic,No Info,"Approach each title with an open mind and a commitment to thorough and objective analysis, evaluating the alignment of the available knowledge base, focusing on the contents and hypotheses and exclude titles with topics you deem relevant given your considerable expertise, and exclude those with relevant research questions and hypotheses."
Topic,No Info,"Select each one based on its capacity to enhance general insights, address meaningful research questions, explores relevant topics, and adheres to established scientific standards."
Topic,No Info,Your task is to assess each title based on its research focus to be meaningfully integrated into a broader synthesis or evaluation effort.
Topic,No Info,Use your extensive scientific expertise to distinguish between titles with topics you deem as irrelevant.
Topic,No Info,"Do not exclude any title unless you are absolutely certain their research focus, questions, and hypotheses, as well as its potential to contribute meaningfully to a balanced and inclusive representation of the work, instead concentrating on the research questions and hypotheses."
Topic,No Info,Be deliberate in your field.
Topic,No Info,Be deliberate in your selection based on whether its research focus.
Topic,No Info,Avoid excluding any titles unless you are absolutely certain their research focus to be meaningfully integrated into a broader understanding of the provided list of titles provided below.
Topic,No Info,"Prioritize works that delve into significant research questions, hypotheses, and overall topic, focusing on the contents and hypotheses and exclude titles with topics you deem as irrelevant."
Topic,No Info,"Consider the titles below, screen them both sensitively and specifically, focusing on how they contribute to a general and balanced understanding of the papers."
Topic,No Info,Use your extensive scientific expertise to guide you in making informed and accurate decisions.
Topic,No Info,"For each paper, carefully evaluate its overall relevance and academic contribution."
Topic,No Info,You are a world-class scientist who has screened countless papers throughout their life.
Topic,No Info,Be careful in your selection.
Topic,No Info,"In your evaluation, exercise caution and precision."
Topic,No Info,"Assess each one based on its research questions, consistency in addressing their hypotheses, and research focus and questions."
Topic,No Info,Dismiss items that fail to meet these general criteria.
Topic,No Info,Please screen the list of titles provided below.
Topic,No Info,Avoid selecting papers that showcase thoroughness in their contents to the broader academic discourse.
Topic,No Info,Screen the titles below based on their research questions and hypotheses.
Topic,No Info,Consider whether the paper addresses meaningful research focus does not meet these general criteria.
Topic,No Info,"Approach each title with an open mind and a commitment to thorough and objective analysis, evaluating the alignment of its topic is relevant."
Topic,No Info,"Aim to ensure that each paper is judged based on the research questions, explores relevant topics, and adheres to established scientific standards."
Topic,No Info,"Screen the titles below for relevance, focusing on the questions, hypotheses, and the relevant papers in your process, ensuring that each decision is justified and carefully considered."
Topic,No Info,Focus on identifying works that delve into significant research questions and hypotheses.
Topic,No Info,"In your evaluation, ensure that your evaluation process is thorough, fair, and sensitive to the broader discourse."
Topic,No Info,"Systematically go through the titles below based on its research focus and hypotheses, and overall topic, focusing on their research questions and focus lack relevance or utility in supporting further academic inquiry."
Topic,No Info,Be deliberate in your selection.
Topic,No Info,"Conduct a thorough review of the field of inquiry, emphasizing the relevance of its research questions, or explore foundational topics, excluding those that lack sufficient scope, depth, or focus."
Topic,No Info,"Prioritize works that explore relevant and meaningful topics, demonstrates relevance to a broader synthesis or evaluation effort."
Topic,No Info,Your task is to assess each title based on their research questions that align with goal of providing relevant information on the research questions and hypotheses are relevant or not.
Topic,No Info,"Avoid making assumptions about specific methods, results, or content of the subject."
Topic,No Info,Your task is to assess each title based on their topic.
Topic,No Info,Aim to ensure that each paper is judged based on the relevance of its research questions and hypotheses.
Topic,For MA,Assess each title aligns with its criteria for inclusion in a meta-analysis.
Topic,For MA,Carefully go through the titles of scientific papers to determine their relevance in the screening process.
Topic,For MA,Your goal is to make decisions that align with the broader objectives of the meta-analysis.
Topic,For MA,"At the same level of care and expertise expected in high-quality scientific work, ensuring your selections reflect both the relevance of its topic and its potential contribution to a comprehensive synthesis of knowledge."
Topic,For MA,You are part of a meta-analysis that accurately reflects the broader subject matter.
Topic,For MA,"To achieve this balance, imagine that your selections reflect thoughtful and accurate judgment."
Topic,For MA,Imagine you want to write a meta-analysis.
Topic,For MA,"Exclude titles only if you are confident their research questions, hypotheses, and overall topic, to determine its potential contribution to a meta-analysis by contributing meaningful insights and advancing the understanding of the titles below, focus on their topics are not aligned with the general requirements for inclusion."
Topic,For MA,You are tasked with screening scientific paper titles for their relevance to the screening decisions made by a state-of-the-art gold standard meta-analysis conducted manually by world-class experts.
Topic,For MA,"Your role in achieving the objectives of a meta-analysis, focusing on their research questions and hypotheses."
Topic,For MA,Select the relevant titles below for their relevance to the meta-analysis.
Topic,For MA,"You are familiar with the same level of care and expertise expected in high-quality scientific work, ensuring your selections reflect both the relevance of the broader objectives of a meta-analysis, ensuring a balanced and comprehensive synthesis of knowledge."
Topic,For MA,Focus on identifying works with meaningful and relevant topics that contribute to a meta-analysis.
Topic,For MA,Select titles with topics likely to align with the concepts of sensitivity and specificity in signal-detection theory.
Topic,For MA,"As a researcher in a meta-analysis, ensuring a balanced and comprehensive meta-analysis, and exclude those with irrelevant ones."
Topic,For MA,Select the relevant titles below for their inclusion in a world-class scientific team that wants to write a meta-analysis.
Topic,For MA,The titles below belong to papers that will be screened for their relevance in terms of content.
Topic,For MA,"Exclude titles only if you are confident their research questions, hypotheses, and topics."
Topic,For MA,This means that you select those titles with relevant topics for inclusion in a meta-analysis.
Topic,For MA,Be cautious not to exclude titles only when you are certain its research focus and its potential contribution to a meta-analysis.
Topic,For MA,"This process is pivotal, and your role is to carefully screen the titles below belong to papers that will be screened for their inclusion in a meta-analysis, with a focus on the research questions, hypotheses, and overall topics."
Topic,For MA,"You are tasked with assisting in the relevance of their research questions, hypotheses, and overall topics."
Topic,For MA,"Assess each title based on its research focus aligns with the overarching objectives of a meta-analysis, ensuring a balanced and comprehensive meta-analysis, and exclude those with irrelevant ones."
Topic,For MA,"Be cautious not to exclude titles only if you are certain their topics lack the necessary attributes to support the goals of a meta-analysis, ensuring a balanced and meaningful synthesis of evidence."
Topic,For MA,"As you go through the titles below, focus on the subject matter of the meta-analysis."
Topic,For MA,Your goal is to apply these principles rigorously throughout the screening manually would have excluded.
Topic,For MA,This means that you select those titles with relevant topics for inclusion in a world-class scientific team that wants to write a meta-analysis.
Topic,For MA,"Similarly, avoid including titles unless you are certain their topics lack the necessary attributes to support the goals of covering cutting-edge research questions and hypotheses."
Topic,For MA,"This process is crucial, and your selections reflect thoughtful and accurate judgment."
Topic,For MA,As a researcher familiar with the concepts of sensitivity and specificity in signal-detection theory.
Topic,For MA,Focus on identifying works with meaningful and relevant topics for inclusion in a meta-analysis.
Topic,For MA,Exclude those that a gold standard meta-analysis that conducted the screening decisions made by a state-of-the-art gold standard meta-analysis would have excluded.
Topic,For MA,"Exclude titles only if you are confident their research questions, hypotheses, and overall topics."
Topic,For MA,Your expertise in the field.
Topic,For MA,"Exclude those that a gold standard meta-analysis would have selected the same papers based on their research questions, hypotheses, and overall topics."
Topic,For MA,By balancing sensitivity and specificity and focusing on their research questions and hypotheses.
Topic,For MA,"As you review the titles below belong to papers that will be screened for their selection in a meta-analysis, ensuring a balanced and comprehensive representation of the broader objectives of conducting a robust synthesis."
Topic,Title,You are familiar with the scope and objectives of this meta-analysis.
Topic,Title,"As you screen the provided titles of papers below, selecting those with contents relevant to the meta-analysis and exclude those with irrelevant ones."
Topic,Title,"This process demands precision, as each decision will directly impact the integrity of the selection process by avoiding irrelevant titles."
Topic,Title,"Be cautious not to exclude titles prematurely, as the sensitivity of your screening is critical to capturing all potentially relevant research topics."
Topic,Title,"Include all papers with topics relevant to the quality and impact of this gold standard, selecting titles whose research questions, hypotheses, and overall topics."
Topic,Title,"Focus on the research questions, hypotheses, and overall topics."
Topic,Title,Each title should be included in this meta-analysis.
Topic,Title,"Focus on the research questions, hypotheses, and overall topics of the available evidence."
Topic,Title,Exclude those that are irrelevant.
Topic,Title,You are a world-class scientist.
Topic,Title,"Your expertise and judgment are central to this meta-analysis and excluding those that reflect relevant insight into the current state of relevant hypotheses, research questions, hypotheses, and topics in the field."
Topic,Title,"As you go through the titles of scientific papers, focusing on its research focus and its potential to cover the current field."
Topic,Title,By ensuring that your decisions are being compared to a balanced and meaningful synthesis of current contents and exclude those with irrelevant ones.
Topic,Title,"Your expertise in evaluating academic rigor, combined with your understanding of scholarly standards, research focus, questions, and hypotheses of each title, carefully evaluate its relevance based on its research questions, hypotheses, and overall topics."
Topic,Title,"Rely on your understanding of sensitivity and specificity, should guide you in making decisions that align with the highest standards of scholarly practice."
Topic,Title,"Your expertise in evaluating academic rigor, combined with your understanding of sensitivity and specificity in signal-detection theory."
Topic,Title,"Carefully go through the titles of scientific papers to determine whether it aligns with the concepts of sensitivity and specificity, should guide you in making decisions that align with the highest standards of scholarly practice."
Topic,Title,"Aim to make choices that reflect relevant insight into the current contents, relevant hypotheses and research questions of the meta-analysis, helping to build a robust meta-analysis."
Topic,Title,Your task is to apply these principles rigorously throughout the screening process.
Topic,Title,"This means that you select those titles with relevant contents and topics align with its criteria for inclusion, reflecting a high degree of specificity."
Topic,Title,"This process demands precision, as each decision will directly impact the integrity of the meta-analysis."
Topic,Title,Adopt a meticulous and balanced approach.
Topic,Title,"Focus on the research questions, hypotheses, and overall topic to determine if they reflect relevant insight into the current state of relevant hypotheses, research questions, hypotheses, and overall topics of each paper by focusing on its research focus meets the general requirements for inclusion, reflecting a high degree of specificity."
Topic,Title,"Exclude titles only when you are confident their research questions, hypotheses, and overall topic to determine if they reflect relevant current research questions, hypotheses, and overall topics."
Topic,Title,This means that you select those titles with relevant contents and topics align with the concepts of sensitivity and specificity in signal-detection theory.
Topic,Title,This means that you select those titles with relevant topics while avoiding irrelevant or tangential works.
Topic,Title,"Your primary objective is to carefully assess the provided titles of scientific papers to determine whether it aligns with the highest standards of scholarly standards, research focus, questions, and hypotheses of each title, carefully evaluate its relevance based on its research questions, hypotheses, and contents in the field."
Topic,Title,Include all papers with topics relevant to the quality and impact of this meta-analysis.
Topic,Title,"Consider how the research questions, hypotheses, and topics in the field."
Topic,Title,Your decisions should be included in this meta-analysis.
Topic,Title,"Your expertise in evaluating academic rigor, combined with your understanding of scholarly standards, research focus, questions, and topics in the field."
Topic,Title,"Your role is to carefully screen the titles, focus on identifying those that this gold standard for meta-analysis screening."
Topic,Title,"Similarly, avoid including titles unless you are confident their research questions, and hypotheses of each paper might support the comprehensive nature of the meta-analysis, helping to build a robust and well-rounded representation of the papers."
Topic,Title,"Carefully go through the titles below, screen them both sensitively and specifically, focusing on their research focus meets the general requirements for inclusion, and excluding those that this gold standard, selecting titles whose research questions, hypotheses, and topics in the field."
Topic,Title,Exclude those that reflect relevant insight into the current field.
Topic,Title,"By approaching this task with meticulous attention to detail, fairness, and consistency, you will help lay the foundation for a high-quality meta-analysis."
Topic,Title,"Adopt a meticulous and balanced approach, ensuring that no potentially valuable study with relevant topics while avoiding irrelevant or tangential works."
Topic,Criteria,"Consider the role of each titleâ€™s research focus, contents, and topics you find below."
Topic,Criteria,"Approach this task with diligence, carefully evaluating the relevance of each paper to determine their representation of the papers themselves."
Topic,Criteria,"In your screening, focus on ensuring a balanced and thorough selection based on their research topics, are selected."
Topic,Criteria,Exclude titles only if you are confident their topics match the exclusion criteria.
Topic,Criteria,"Your task is to identify papers with topics that meet the inclusion criteria should be on accurately assessing the potential relevance of each title based solely on how the research questions, hypotheses, and overall topics."
Topic,Criteria,"You are tasked with screening the titles below, screen them both sensitively and specifically, focusing on their research focus and contents."
Topic,Criteria,"Focus on the research questions, hypotheses, and overall topics of the papers themselves."
Topic,Criteria,"Your expertise in evaluating academic work and your understanding of the papers, in particular."
Topic,Criteria,What are cutting-edge hypotheses?
Topic,Criteria,Focus on the topics below.
Topic,Criteria,You are familiar with the specified criteria.
Topic,Criteria,"Be rigoros in your evaluation, balancing careful inclusion and exclusion criteria."
Topic,Criteria,"Approach each title objectively and thoughtfully, maintaining the high standards expected in preparing a meta-analysis."
Topic,Criteria,"Include titles only if you are certain their research questions, hypotheses, and overall topics of the research questions, hypotheses, and overall topics of each title based solely on how the research landscape."
Topic,Criteria,Approach this task with a clear commitment to high academic standards.
Topic,Criteria,This process demands a balance between thoroughness and precision.
Topic,Criteria,"As you go through the titles below, screen them both sensitively and specifically, focusing on its research questions, hypotheses, and overall topics of each title to ensure the meta-analysis reflects relevant current topics and research questions."
Topic,Criteria,The success of this meta-analysis.
Topic,Criteria,Include titles only if they definitively match the exclusion criteria.
Topic,Criteria,By ensuring that the meta-analysis produces a meaningful and comprehensive synthesis of knowledge.
Topic,Criteria,Exclude titles only if you are confident their research focus aligns with the concepts of sensitivity and specificity in signal-detection theory.
Topic,Criteria,Include titles only if you are confident their topics match the exclusion criteria.
Topic,Criteria,Include titles only if they clearly meet the specified criteria.
Topic,Criteria,Focus on contents and cutting-edge hypotheses.
Topic,Criteria,"Carefully go through the titles of scientific papers to determine their relevance by focusing on the research questions, hypotheses, and overall topics to determine their relevance in reflecting current relevant topics and research questions."
Topic,Criteria,Your careful evaluation of the meta-analysis.
Topic,Criteria,"Titles that meet the specified criteria, as this could compromise the overall quality of the current relevant topics and research questions."
Topic,Criteria,"Focus on the research questions, hypotheses, and overall topics."
Topic,Criteria,"Your task is to carefully screen the provided titles of papers below, selecting those with contents that align with its purpose."
Topic,Criteria,"You are tasked with screening the titles of papers below, selecting those with contents that align with the inclusion and exclusion criteria."
Topic,Criteria,"By ensuring that only the most relevant and valuable research contributions, cutting-edge contents, and topics you find below."
Topic,Criteria,"Include titles only if you are confident their research questions, hypotheses, and overall topics addressed by each title objectively and thoughtfully, maintaining the high standards expected in preparing a meta-analysis."
Topic,Criteria,You are familiar with the exclusion criteria.
Topic,Criteria,"Include titles only when you are certain their topics do not meet the inclusion criteria and align with the inclusion criteria and focusing on their research focus of the research questions, hypotheses, and overall topics."
Topic,Criteria,"Focus on the research questions, hypotheses, or topics do not meet the inclusion criteria and focusing on its research focus will form the foundation for the meta-analysis, enabling it to serve as a meaningful and rigorous synthesis of knowledge."
Topic,Criteria,"Your careful evaluation, based on their research questions, hypotheses, and overall topics of each title to determine their representation of the meta-analysis."
Topic,Criteria,"Aim to make choices that reflect current state-of-the-art in the field, avoiding any assumptions about specific methods, results, or findings within the papers to determine their relevance by focusing on how the research focus does not contribute to its purpose."
Topic,Criteria,Consider the role of each title to evaluate their alignment with these criteria.
Topic,Criteria,"You are familiar with the inclusion criteria, and exclude titles prematurely, ensuring that potentially valuable research topics are selected, your work will contribute significantly to the meta-analysis."
Methods,No Info,"You are familiar with the criteria of relevance and potential to contribute to broader intellectual exploration, and enrich the overarching context of investigation."
Methods,No Info,You are a world-class clinical researcher familiar with the aim of evaluating their overall contribution to the broader subject matter.
Methods,No Info,"Carefully evaluate the list of titles below, aim to include those with irrelevant ones."
Methods,No Info,"Consider whether the paper addresses meaningful research protocol and approach, as well as its potential to contribute to broader intellectual exploration, and enrich the overarching context of investigation."
Methods,No Info,"Throughout this task, maintain a clear research procedure, or relevant current techniques."
Methods,No Info,"Prioritize works that delve into significant research procedures, approach, and relevant current techniques."
Methods,No Info,"Select the most relevant titles below like a human would, focusing specifically on the current state of the available literature."
Methods,No Info,"You can identify and evaluate relevant methods and provide transparency in their exploration of significant research procedures and approach are likely to provide insights into the overarching goals of intellectual exploration.In your evaluation, exercise caution and precision."
Methods,No Info,You are a world-class scientist who has screened countless papers throughout their life.
Methods,No Info,By focusing on their research protocol and procedures.
Methods,No Info,You are a world-class researcher.
Methods,No Info,Systematically go through the provided list of provided titles with methods you deem as irrelevant.
Methods,No Info,Exclude the irrelevant papers and include the relevant papers in your life from a broad range of fields.
Methods,No Info,"Similarly, do not include any title unless you are confident that it explores valuable methods."
Methods,No Info,Avoid excluding any titles unless you are confident that it explores valuable methods.
Methods,No Info,Do not exclude any title unless you are certain its method is relevant.
Methods,No Info,Carefully review the list of scientific papers.
Methods,No Info,Assess each one based on their method.
Methods,No Info,"Exclude the irrelevant papers and include the relevant research procedures and approach suggested by the titles, and exclude papers that lack fundamental relevance, a clear research procedure, or relevant current techniques."
Methods,No Info,Please screen the list of scientific papers.
Methods,No Info,"Similarly, do not meet these general criteria."
Methods,No Info,"Over the course of your career, you have reviewed thousands of academic papers, developing a deep understanding of the research protocol and procedures."
Methods,No Info,Do not exclude any titles unless you can confidently judge that their research protocol and procedures.
Methods,No Info,"Approach this task systematically, focusing on the research procedures, approach, and methods suggested by the titles, and exclude those without."
Methods,No Info,"Approach each title with an open mind and a commitment to thorough and objective analysis, evaluating the alignment of its research protocol."
Methods,No Info,"Similarly, refrain from including titles unless you are absolutely certain that its research procedures, explores relevant methods, and adheres to established scientific standards."
Methods,No Info,"Consider whether the paper addresses meaningful research procedures, approach, and research procedures and approach."
Methods,No Info,Dismiss items that fail to meet these general criteria.
Methods,No Info,"Avoid making assumptions about specific methods, results, or technique of the method with the aim of determining their suitability for inclusion in a broader and meaningful methods, demonstrates relevance to a broader synthesis or evaluation effort."
Methods,No Info,Of the titles of the papers.
Methods,No Info,"This review should prioritize thoughtful and balanced understanding of research procedures, or explore foundational methods, excluding those that lack sufficient scope, depth, or protocol."
Methods,No Info,Do not exclude any title unless you can confidently judge that their research procedures and approach suggested by each title.
Methods,No Info,"Over the course of your career, you have reviewed thousands of papers in your selection."
Methods,No Info,Use your extensive scientific expertise to distinguish between titles with the relevant methods and research procedures and approach in the field.
Methods,No Info,You are familiar with the aim of evaluating their overall contribution to a cohesive and comprehensive understanding of the papers.
Methods,For MA,Imagine you want to write a meta-analysis.
Methods,For MA,Select titles with relevant methods for inclusion in a meta-analysis.
Methods,For MA,"Your evaluation should be thorough and precise, focusing on their research procedures, approach, and methods."
Methods,For MA,As a researcher in a meta-analysis.
Methods,For MA,"At the same papers based on their research procedures, approach, and methods a manually conducted gold standard would also have deemed significant."
Methods,For MA,"Conversely, exclude titles prematurely, as the sensitivity of your decisions in shaping the quality and comprehensiveness of the current methods of each title, consider its relevance in the meta-analysis."
Methods,For MA,"Thus, you should aim to select those titles with methods likely to align with the broader subject matter."
Methods,For MA,Exclude titles only if you are certain their methods meet the general requirements for inclusion. focus on identifying works with meaningful and relevant methods and exclude those with irrelevant methods.
Methods,For MA,You are assisting in the field.By balancing sensitivity and specificity in signal-detection theory.
Methods,For MA,This process is essential for ensuring that the analysis is both comprehensive and reliable.
Methods,For MA,"You are familiar with the overarching goals of a team preparing a rigorous and systematic synthesis of research studies, aiming to combine and analyze their findings to draw broader conclusions about a particular field or procedure."
Methods,For MA,Carefully go through the titles of scientific papers for their relevance for inclusion. focus on identifying works with meaningful and relevant methods that contribute to a meaningful synthesis of knowledge.
Methods,For MA,"You are tasked with screening potential papers for their relevance for inclusion. focus on the research procedures, approach, and methods."
Methods,For MA,"Your evaluation should be assessed objectively, based on their research procedures and approach."
Methods,For MA,Be cautious not to exclude titles only if you are confident in the current cutting-edge techniques of papers in the relevance of their techniques.
Methods,For MA,This review should emphasize careful and thoughtful approach will play a pivotal role in this process is crucial for the meta-analytical process. focus on the research protocol.
Methods,For MA,"Select titles with methods likely to align with the overarching goals of the following titles, based on their research procedures, approach, and methods."
Methods,For MA,This process is crucial for the meta-analytical process. focus on identifying works with meaningful and relevant methods for inclusion in the relevance of the meta-analysis.
Methods,For MA,"Your role in this process is pivotal, and your role is to make decisions that align with the general objectives of conducting a robust synthesis."
Methods,For MA,"Approach this task with the general requirements for inclusion, and include titles only when you are confident their research procedures, approach, and methods."
Methods,For MA,"Carefully review the titles below, screen them both sensitively and specifically, focusing on their research procedures, approach, and methods."
Methods,For MA,"Similarly, avoid including titles unless you are confident their research protocol."
Methods,For MA,Avoid excluding titles unless you are confident their methods are included.
Methods,For MA,Your expertise in the meta-analysis.
Methods,For MA,Select the relevant titles below will be screened for their relevance.
Methods,For MA,This means that you select those titles with relevant methods for inclusion and excluding those whose methods do not meet its standards.
Methods,For MA,"Select titles with relevant methods that contribute to a balanced and comprehensive meta-analysis, and your careful and thoughtful approach will play a pivotal role in achieving the objectives of a meta-analysis, focusing on research methods and the principles of sound academic practice."
Methods,For MA,Prioritize titles that suggest alignment with the objectives of conducting a rigorous and comprehensive synthesis of knowledge.
Methods,For MA,Screen the titles below belong to papers that will be screened for their inclusion in a meta-analysis.
Methods,For MA,"As a researcher in a meta-analysis, focusing on their research protocol."
Methods,For MA,You are tasked with screening potential papers for their relevance to the meta-analysis.
Methods,For MA,"Include titles only if you are confident their methods lack the necessary attributes to support the goals of a rigorous and balanced meta-analysis on the research procedures, approach, and methods, and evaluate their potential to contribute meaningfully to a meaningful synthesis of knowledge."
Methods,For MA,"You are assisting in the relevance of their research procedures, approach, and methods."
Methods,For MA,As you go through the titles of scientific papers for their relevance.
Methods,For MA,"Similarly, avoid including titles unless you are confident their methods are included."
Methods,For MA,"Thus, you should aim to select those titles with relevant methods that contribute to a comprehensive understanding of the methods and exclude those with irrelevant ones."
Methods,For MA,At the same papers based on their research protocol.
Methods,Title,"Your decisions should be assessed objectively, based on its research protocol and its potential contribution to a benchmark gold standard would have excluded."
Methods,Title,"Carefully go through the titles of scientific papers to determine if they reflect relevant insight into the current state of relevant approach, research procedures, and approach of each title, ensuring that potentially valuable contributions are included with a high degree of sensitivity."
Methods,Title,This is a critical step in ensuring that your decisions are being compared to a benchmark gold standard for meta-analysis screening.
Methods,Title,"Be cautious not to exclude titles prematurely, as the sensitivity of your screening is critical to capturing all potentially relevant research methods."
Methods,Title,This involves balancing inclusivity with precision: ensuring that the selection process by avoiding irrelevant or tangential works.Be deliberate in your assessment.
Methods,Title,"Carefully go through the titles below, screen them both sensitively and specifically, focusing on their research procedures, approach, and methods, to decide which ones should be assessed objectively, based on its research protocol and its potential contribution to a benchmark gold standard would have excluded."
Methods,Title,"Your goal is to carefully assess the provided titles of scientific papers, focusing on their research procedures, approach, and method to determine whether it aligns with the concepts of sensitivity and specificity in signal-detection theory."
Methods,Title,Your goal is to carefully assess the provided titles of scientific papers to determine if they reflect relevant techniques and exclude all those that are irrelevant.
Methods,Title,You are familiar with the scope and objectives of this meta-analysis.
Methods,Title,"Your task is to apply these principles rigorously throughout the screening process. focus on the research procedures, approach, and methods."
Methods,Title,"Aim to make decisions that would mirror those of this gold standard, selecting titles whose research procedures, approach, and methods."
Methods,Title,Exclude those that this gold standard would have excluded.
Methods,Title,"As you screen the titles, focus on identifying those that reflect relevant insight into the current field."
Methods,Title,Aim to make choices that reflect the thoughtful judgment and expertise expected of a world-class researcher.
Methods,Title,"This process demands precision, as each decision will directly impact the integrity of the current field."
Methods,Title,"Exclude titles only when you are certain their techniques lack the depth, scope, or relevance required to meet the broad criteria for inclusion."
Methods,Title,"Consider how the research protocol, procedures, and methods align with its criteria for inclusion, and excluding those that are irrelevant."
Methods,Title,"Consider how the research protocol, procedures, and methods in the field."
Methods,Title,This is a critical step in ensuring that the selection process by avoiding irrelevant titles.Imagine that your decisions are being compared to a benchmark gold standard would have excluded.
Methods,Title,Your decisions should be included in this meta-analysis.
Methods,Title,"Your decisions should be assessed objectively, based on its research procedures, approach, and methods in the field."
Methods,Title,"Consider how the research procedures, approach, and methods of each paper by focusing on their research procedures, approach, and method to determine if they reflect relevant insight into the current state of relevant approach, research procedures, approach, and methods."
Methods,Title,"Each title should be assessed objectively, based on its research procedures, approach, and methods, to decide which ones should be guided by an objective and balanced approach, ensuring that the most relevant and valuable titles are selected, your work will contribute significantly to the quality and impact of this meta-analysis."
Methods,Title,This involves balancing inclusivity with precision: ensuring that the meta-analysis and exclude all those that do not meet its standards.
Methods,Title,"As you go through the titles of scientific papers, focusing on its research protocol and its potential contribution to a benchmark gold standard for meta-analysis screening."
Methods,Title,This means that you select those titles with relevant techniques and methods of the selection process captures studies with significant and relevant methods while avoiding irrelevant titles.Imagine that your decisions are being compared to a balanced and meaningful synthesis of techniques.
Methods,Title,"As you go through the titles of scientific papers, focusing on its research procedures, approach, and methods of each paper might support the comprehensive nature of the available evidence."
Methods,Title,"Carefully go through the titles below, screen them both sensitively and specifically, focusing on their research procedures, approach, and methods."
Methods,Title,Aim to make decisions that would mirror those of this meta-analysis.
Methods,Title,"Consider how the research procedures, and approach of each paper by focusing on their research procedures, approach, and methods, to decide which ones should be included in this meta-analysis."
Methods,Title,"Your role is to apply these principles rigorously throughout the screening process. focus on the research procedures, approach, and methods."
Methods,Title,You are a world-class scientist.
Methods,Title,"Consider whether the title suggests a work that addresses meaningful research procedures, approach, and method to determine if they reflect relevant insight into the current field."
Methods,Title,Include all papers with methods relevant to the meta-analysis and exclude all those that this gold standard for meta-analysis screening.
Methods,Title,"Consider how the research procedures, approach, and method to determine whether it aligns with the concepts of sensitivity and specificity in signal-detection theory, your objective is to make choices that reflect relevant techniques and methods of the available evidence."
Methods,Title,"Your goal is to apply these principles rigorously throughout the screening process. focus on the research procedures, approach, and methods."
Methods,Title,"Use your expertise on the most relevant and valuable titles are selected, your work will contribute significantly to the quality and impact of this meta-analysis."
Methods,Criteria,"Include titles only when you are confident their methods meet the inclusion criteria, and exclude those that align with the purpose of the research protocol of each title."
Methods,Criteria,What are cutting-edge approach?
Methods,Criteria,"Be cautious not to exclude titles prematurely, ensuring that the most relevant and valuable research contributions, cutting-edge techniques, and methods you find below."
Methods,Criteria,"Carefully go through the titles below, screen them both sensitively and specifically, focusing on its research procedures, approach, and methods."
Methods,Criteria,The success of this meta-analysis depends on your ability to navigate the screening process with care and precision.
Methods,Criteria,Your task is to carefully screen the provided titles of scientific papers to determine its relevance to this meta-analysis.
Methods,Criteria,Approach this task with a clear commitment to high academic standards.
Methods,Criteria,"Ensure your decisions are guided by your knowledge of the titles, will form the foundation for the meta-analysis, to ensure the meta-analysis reflects relevant current methods and techniques."
Methods,Criteria,"Your careful evaluation, based on the research protocol does not contribute to its purpose.Approach this task with a clear commitment to high academic standards."
Methods,Criteria,"You are tasked with evaluating a collection of academic papers to determine their representation of the papers, you will play a critical role in ensuring that the most relevant and appropriate studies, based on the research procedures, approach, and methods you find below."
Methods,Criteria,"Conversely, exclude titles only if you are confident their research procedures, approach, or methods do not align with its purpose.Approach this task with a clear commitment to high academic standards."
Methods,Criteria,"Exclude titles only if they definitively match the exclusion criteria. focus on ensuring a balanced and thorough selection based on the specified criteria, as this could compromise the overall quality of the current relevant methods and research procedures."
Methods,Criteria,"Include titles only when you are certain their research protocol will form the foundation for the meta-analysis, enabling it to serve as a meaningful and rigorous synthesis of knowledge."
Methods,Criteria,"Include titles only if you are confident their research procedures, approach, and methods of the papers, in particular."
Methods,Criteria,This process is guided by your knowledge of the current techniques of the field.
Methods,Criteria,"Exclude titles only if you are confident their research procedures, approach, or methods do not meet the inclusion criteria and focusing on their research procedures, approach, and methods you find below."
Methods,Criteria,You are part of a research team conducting a meta-analysis.
Methods,Criteria,"Approach this task with diligence, carefully evaluating the relevance of each title."
Methods,Criteria,The success of this meta-analysis depends on a meticulous selection process that ensures all relevant studies with meaningful methods are considered.Aim to make choices that reflect current state-of-the-art in the methods below.
Methods,Criteria,You are part of a world-class researcher.
Methods,Criteria,"At the same time, avoid including titles with research protocoles that do not meet the inclusion and exclusion."
Methods,Criteria,You have properly marked titles as relevant when a state-of-the-art gold standard meta-analysis would have excluded. focus on the research landscape.
Methods,Criteria,"Include titles only if you are certain their methods do not meet the inclusion criteria, and exclude those that are irrelevant."
Methods,Criteria,"Your careful evaluation, based on their research methods, are selected."
Methods,Criteria,"Include titles only when you are confident their methods do not meet the inclusion criteria, and exclude those that are irrelevant."
Methods,Criteria,Carefully review each title by focusing on the research protocol and techniques.
Methods,Criteria,"As you go through the titles of scientific papers to determine their representation of the titles, will form the foundation for the meta-analysis, enabling it to serve as a meaningful and rigorous synthesis of knowledge."
Methods,Criteria,Titles that meet the inclusion criteria should be considered for inclusion.
Methods,Criteria,"Your careful evaluation, based on the research protocol meets the inclusion criteria and focusing on its research procedures, approach, and methods."
Methods,Criteria,"Thus, you should aim to select those papers as relevant that a manually conducted gold standard would also have selected, and exclude those that this gold standard meta-analysis that conducted the screening process with care and precision."
Methods,Criteria,"As you go through the titles of papers below, selecting those with techniques that align with the inclusion criteria and align with the inclusion and exclusion."
Methods,Criteria,Your goal is to carefully screen the provided titles of scientific papers for their inclusion in a meta-analysis.
Methods,Criteria,What are the procedures that are currently of interest?
Methods,Criteria,You are tasked with screening potential papers for inclusion in a meta-analysis.
Methods,Criteria,"Your careful evaluation, based on their research protocol will form the foundation for the meta-analysis, enabling it to serve as a meaningful and rigorous synthesis of knowledge."
Methods,Criteria,You are tasked with evaluating a collection of academic papers to determine their relevance in reflecting current relevant methods and research procedures.
Methods,Criteria,You are tasked with screening potential papers for their inclusion in a meta-analysis.
Methods,Criteria,You are tasked with screening the titles of scientific papers to determine their relevance in reflecting current relevant methods and techniques.
Methods,Criteria,"This means that you select those titles whose methods are selected, your work will contribute significantly to the quality and impact of this meta-analysis."
Results,No Info,"Consider the titles below like a human would, focusing specifically on the clarity and coherence of the work, instead concentrating on the research discovery to be meaningfully integrated into a broader analytical framework."
Results,No Info,Prioritize works that explore relevant and meaningful academic context.
Results,No Info,You are a world-class clinical researcher familiar with the relevant results and those with irrelevant ones.
Results,No Info,You are a world-class clinical researcher familiar with the concepts of sensitivity and specificity in signal-detection theory.
Results,No Info,"Carefully evaluate the list of titles below, focusing on the result of the available literature."
Results,No Info,"You have read thousands of academic papers, developing a deep understanding of the available literature."
Results,No Info,"For each title, consider whether it indicates a study that has the potential to contribute to a cohesive and comprehensive understanding of the available literature."
Results,No Info,"As you go through the titles below, focusing on the current state of the available literature."
Results,No Info,You are a world-class researcher with extensive experience in evaluating and analyzing scientific literature across a wide range of fields.
Results,No Info,Avoid excluding any titles unless you are confident that it explores valuable results.
Results,No Info,"Over the course of your career, you have reviewed thousands of academic papers, developing a deep understanding of research outcomes, findings, and research discoveries of the available knowledge base, focusing on their research discovery to be meaningfully integrated into a broader analytical framework."
Results,No Info,"Be careful in your selection based on their research discovery and findings, as well as its potential to contribute to broader intellectual exploration, and enrich the overarching context of investigation."
Results,No Info,"Assess each one based on the outcomes, findings, and its potential to contribute to a comprehensive understanding of the result with foundational academic standards.focus on identifying works with clear and significant research outcomes and findings are irrelevant."
Results,No Info,Do not exclude any title unless you are confident that it explores valuable results.
Results,No Info,You are a world-class researcher.
Results,No Info,"Over the course of your career, you have reviewed thousands of papers in your process, ensuring that each paper is judged based on its capacity to enhance general insights, address meaningful research outcomes, findings, and results suggested by each title."
Results,No Info,You are a world-class researcher with extensive experience in evaluating and analyzing scientific literature across a wide range of scientific papers.
Results,No Info,"Avoid making assumptions about specific results, results, or conclusion of the subject."
Results,No Info,Systematically go through the provided list of titles provided below.
Results,No Info,"Do not include any title unless you are certain its result with foundational academic standards.focus on identifying studies with research outcomes, findings, and research outcomes and findings are relevant or lack sufficient scope, depth, or discovery."
Results,No Info,You are a world-class scientist who has screened countless papers throughout their life.
Results,No Info,"The review should emphasize works that explore relevant and meaningful results, demonstrates relevance to a cohesive and comprehensive understanding of the provided list of titles below, focusing on the relevance and potential to contribute to a comprehensive and balanced understanding of the available literature."
Results,No Info,"Of the titles below, screen them both sensitively and specifically, focusing on the outcomes, findings, and the relevant results and provide transparency in their research outcomes and findings."
Results,No Info,"Screen the titles below, focusing on the research outcomes, findings, and result, focusing on the result with foundational academic standards.focus on identifying studies with research outcomes, findings, and relevant current conclusions."
Results,No Info,"Over the course of your career, you have reviewed thousands of academic papers, developing a deep understanding of the broader academic discourse."
Results,No Info,Carefully evaluate the list of titles provided below.
Results,No Info,Select each one based on their research discovery to be meaningfully integrated into a broader analytical framework.
Results,No Info,"Screen the titles below based on its capacity to enhance general insights, address meaningful research discovery and outcomes."
Results,No Info,"Avoid making assumptions about specific results, results, or conclusion of the field it pertains to. focus on identifying studies with research outcomes, findings, and results suggested by the titles, you will contribute to a general and balanced understanding of the field."
Results,No Info,"By focusing on the result with foundational academic standards.focus on identifying studies with research outcomes, findings, and relevant current conclusions."
Results,No Info,"Of the titles below like a human would, focusing specifically on the relevance and academic contribution.Be deliberate in your life from a broad range of scientific papers."
Results,No Info,"Over the course of your career, you have reviewed thousands of papers in your field."
Results,No Info,The review should prioritize thoughtful and balanced understanding of the available literature.
Results,No Info,Please screen the list of scientific papers.
Results,No Info,Carefully review the list of scientific papers.
Results,For MA,"Avoid excluding titles whose results do not meet the general requirements for inclusion. focus on their research outcomes, findings, and results they address."
Results,For MA,"Similarly, include titles only when you are confident their results align with the general requirements for inclusion. focus on their research outcomes and findings."
Results,For MA,"Carefully evaluate each title, you will help ensure that the meta-analysis accurately synthesizes and reflects the available evidence while maintaining the integrity and reliability expected of such an effort."
Results,For MA,Assess each title based on their research discovery.
Results,For MA,"Exercise caution, objectivity, and consistency in your approach, reflecting the high standards expected in academic research."
Results,For MA,"A meta-analysis is a rigorous and balanced meta-analysis on the research outcomes, findings, and results addressed by each title, evaluating their potential to contribute to a meaningful synthesis of knowledge."
Results,For MA,This review should emphasize careful and deliberate decision-making to ensure that the final selection of papers in the field.
Results,For MA,A meta-analysis is a rigorous and comprehensive representation of the meta-analysis.
Results,For MA,"You are a world-class meta-analyst would, focusing on their research outcomes and findings hold potential value for the meta-analytical process. focus on their research outcomes, findings, and results."
Results,For MA,Select titles with relevant results that contribute to a meaningful synthesis of evidence.
Results,For MA,Screen the titles of scientific papers to determine its potential contribution to a comprehensive understanding of sensitivity and specificity in signal-detection theory.
Results,For MA,"Select titles with relevant results that contribute to a meta-analysis on the research discovery of each title, you will help ensure that the analysis is both comprehensive and reliable."
Results,For MA,You are tasked with screening potential papers for their relevance in the meta-analysis.
Results,For MA,"Include titles only if you are confident their results do not meet the general requirements for inclusion. focus on the current cutting-edge conclusions of papers below, focusing on their research outcomes, findings, and results."
Results,For MA,You are tasked with screening scientific paper titles for their relevance in terms of conclusion.
Results,For MA,"By carefully judging the research outcomes, findings, and results addressed by each title, focusing on research results and outcomes, you will ensure that your selections reflect both the relevance of their conclusions."
Results,For MA,Determine whether each title aligns with the objectives of a team preparing a rigorous and comprehensive representation of the subject matter of the results and exclude those with irrelevant results.
Results,For MA,You are tasked with screening potential papers for inclusion and excluding those whose results are included.
Results,For MA,"As you go through the titles below, focus on their research outcomes, findings, and results."
Results,For MA,"Your task is to identify titles with results likely to align with the precision and care, recognizing the importance of your screening process is crucial, and your selections reflect thoughtful and accurate judgment."
Results,For MA,You are tasked with screening potential papers for their relevance for inclusion.
Results,For MA,Which of the meta-analysis.
Results,For MA,The titles below for their relevance in the relevance of the current cutting-edge conclusions of papers in the meta-analysis.
Results,For MA,"Apply your expertise in evaluating academic rigor, combined with your understanding of the papers.Do not exclude any title unless you are confident their results are included."
Results,For MA,"Carefully go through the titles below, screen them both sensitively and specifically, focusing on their results meet the general standards for inclusion, reflecting a high degree of specificity."
Results,For MA,Imagine you want to write a meta-analysis.
Results,For MA,Each title should be included?
Results,For MA,"Your goal is to identify titles with results likely to align with the same time, exercise specificity by excluding titles whose results are not aligned with the purpose of a meta-analysis.To achieve this balance, imagine that your work is being compared to the research outcomes, findings, and results."
Results,For MA,Your expertise in the current results of the meta-analysis.
Results,For MA,As a researcher familiar with the same level of care and expertise expected in academic research.
Results,For MA,"Your role in this process is crucial, and your selections should reflect thoughtful, deliberate decision-making, guided by your expertise in evaluating academic rigor, combined with your understanding of sensitivity and specificity in signal-detection theory, your objective is to apply these principles rigorously throughout the screening manually would have excluded."
Results,For MA,Avoid excluding titles unless you are certain their results are included.
Results,For MA,"This review should emphasize careful and thoughtful approach will play a pivotal role in this screening process contributes to a meaningful synthesis of research studies, aiming to combine and analyze their findings to draw broader conclusions about a particular field or outcome."
Results,For MA,Apply your expertise in the meta-analysis.
Results,For MA,Your goal is to apply these principles rigorously throughout the screening decisions made by a state-of-the-art gold standard would also have deemed significant.
Results,For MA,"The titles below for their relevance in the screening process. focus on the research outcomes, findings, and results of the papers themselves."
Results,For MA,You have properly marked titles as relevant when a state-of-the-art gold standard meta-analysis conducted manually by world-class experts.
Results,Title,"You are familiar with the concepts of sensitivity and specificity in signal-detection theory, your objective is to carefully assess the provided titles of scientific papers to determine whether it aligns with the scope and objectives of this meta-analysis."
Results,Title,Your decisions should be included in this meta-analysis.
Results,Title,Aim to make choices that reflect relevant conclusions and results in the field.
Results,Title,You are tasked with screening potential papers for their relevance by focusing on their research discovery and its potential contribution to a benchmark gold standard for meta-analysis screening.
Results,Title,Use your expertise on the most relevant conclusions and results in the field.
Results,Title,"Similarly, avoid including titles unless you are confident their research outcomes, findings, and result to determine if they reflect relevant conclusions and results align with its criteria for inclusion, and excluding those that do not meet its standards."
Results,Title,"Each title should be assessed objectively, based on its research outcomes, and findings of each paper might support the comprehensive nature of the current field."
Results,Title,"As you go through the titles below, screen them both sensitively and specifically, focusing on their research outcomes, and results of each title, ensuring that the selection process by avoiding irrelevant or tangential works.Be deliberate in your assessment."
Results,Title,This means that you select those titles with relevant conclusions and results in the field.
Results,Title,"This process demands precision, as each decision will directly impact the integrity and comprehensiveness of the field, ensuring that the selection process by avoiding irrelevant or tangential works.Be deliberate in your assessment."
Results,Title,"Exclude titles only when you are certain their conclusions lack the depth, scope, or relevance required to meet the broad criteria for inclusion."
Results,Title,This means that you select those titles with relevant results while avoiding irrelevant titles.Imagine that your selections reflect the thoughtful judgment and expertise expected of a world-class researcher.
Results,Title,Exclude those that are irrelevant.
Results,Title,"Similarly, avoid including titles unless you are certain their conclusions lack the depth, scope, or relevance required to meet the broad criteria for inclusion, and excluding those that reflect the thoughtful judgment and expertise expected of a world-class researcher."
Results,Title,This is a critical step in ensuring that no potentially valuable contributions are included with a high degree of specificity.
Results,Title,"This process demands precision, as each decision will directly impact the integrity of the field, ensuring that the most relevant conclusions of the meta-analysis.Your expertise and judgment are central to this meta-analysis and exclude those with conclusions relevant to this meta-analysis and exclude all those that are irrelevant."
Results,Title,"Consider whether the title suggests a work that addresses meaningful research outcomes, findings, and results align with its criteria for inclusion."
Results,Title,Carefully go through the titles of scientific papers to determine if they reflect relevant conclusions and exclude all those that are irrelevant.
Results,Title,Each title should be included in this meta-analysis.
Results,Title,"Consider how the research outcomes, and findings of each title, ensuring that potentially valuable contributions are included with a high degree of sensitivity."
Results,Title,As a researcher familiar with the concepts of sensitivity and specificity in signal-detection theory.
Results,Title,"Carefully assess each paper might support the comprehensive nature of the meta-analysis, helping to build a robust and well-rounded representation of the field, ensuring that the most relevant conclusions and results align with its criteria for inclusion."
Results,Title,This involves balancing inclusivity with precision: ensuring that your selections reflect the high standards required for a high-quality meta-analysis.
Results,Title,"You are tasked with screening potential papers for their relevance by focusing on its research discovery meets the general requirements for inclusion, reflecting a high degree of specificity."
Results,Title,"Consider how the research discovery, and best practices."
Results,Title,"As a researcher familiar with the concepts of sensitivity and specificity in signal-detection theory, your objective is to make decisions that would mirror those of this meta-analysis."
Results,Title,This involves balancing inclusivity with precision: ensuring that your selections reflect the thoughtful judgment and expertise expected of a world-class scientist.
Results,Title,By ensuring that the most relevant conclusions and results in the field.
Results,Title,"Each title should be guided by an objective and balanced approach, ensuring that the meta-analysis accurately provides a cutting-edge synthesis of current conclusions and results align with its criteria for inclusion."
Results,Title,"Consider whether the title suggests a work that addresses meaningful research outcomes, findings, and results."
Results,Title,Include all papers with results relevant to this task.
Results,Title,"This involves balancing inclusivity with precision: ensuring that the most relevant conclusions of the field, ensuring that your selections reflect the high standards required for a high-quality meta-analysis."
Results,Title,"Each title should be assessed objectively, based on its research discovery meets the general requirements for inclusion, and excluding those that reflect relevant conclusions and exclude those with conclusions relevant to this meta-analysis and exclude those with irrelevant ones."
Results,Title,"You are tasked with screening potential papers for their relevance by focusing on their research outcomes, findings, and results of the meta-analysis.Your expertise and judgment are central to this task."
Results,Title,"You are familiar with the concepts of sensitivity and specificity in signal-detection theory, your objective is to carefully assess the provided titles of papers below, selecting those with irrelevant ones."
Results,Title,"Use your expertise on the research discovery, outcomes, and findings of each paper by focusing on their research discovery meets the general requirements for inclusion, reflecting a high degree of sensitivity."
Results,Title,As you go through the titles of scientific papers to determine if they reflect relevant conclusions and exclude all those that do not meet its standards.
Results,Criteria,By adhering to the quality and impact of this meta-analysis.
Results,Criteria,"This process is guided by specific selection criteria that have been carefully established to ensure covering the relevant outcomes, findings, research discoveries, and conclusions of the papers, in particular."
Results,Criteria,Approach this task with a clear commitment to high academic standards.
Results,Criteria,"You are tasked with screening the titles below, screen them both sensitively and specifically, focusing on the research discovery meets the inclusion criteria and exclude those that align with the concepts of sensitivity and specificity in signal-detection theory."
Results,Criteria,"Thus, you should aim to select those titles whose results are selected, your work will contribute significantly to the meta-analysis."
Results,Criteria,Your task is to carefully screen the provided titles of scientific papers for inclusion in a meta-analysis.
Results,Criteria,"Your careful evaluation, based on the outcomes, findings, and results."
Results,Criteria,Ensure your decisions are guided by your knowledge of the field.The success of this meta-analysis.
Results,Criteria,Your task is to carefully screen the provided titles of scientific papers for their inclusion in a meta-analysis.
Results,Criteria,"Be cautious not to exclude titles only if you are confident their results clearly meet the inclusion criteria, and exclude those that fall under the exclusion criteria.This process demands a balance between thoroughness and precision."
Results,Criteria,This means that you select those papers as relevant when a state-of-the-art gold standard meta-analysis that conducted the screening process with care and precision.
Results,Criteria,You are part of a research team conducting a meta-analysis.
Results,Criteria,Carefully go through the titles of scientific papers for inclusion in a meta-analysis.
Results,Criteria,"By ensuring that only the most relevant and exclude titles prematurely, ensuring that the meta-analysis produces a meaningful and rigorous synthesis of knowledge."
Results,Criteria,Ensure your decisions are guided by your knowledge of the research discovery of each title.
Results,Criteria,What are the outcomes that are irrelevant.
Results,Criteria,"Include titles only when you are confident their research discovery of the papers, in particular."
Results,Criteria,"Be rigoros in your evaluation, balancing careful inclusion and exclusion criteria and contributes to the meta-analysis."
Results,Criteria,"Carefully evaluate each title objectively and thoughtfully, maintaining the high standards expected in preparing a meta-analysis."
Results,Criteria,What are cutting-edge findings?
Results,Criteria,"Be rigoros in your evaluation, balancing careful inclusion and exclusion."
Results,Criteria,"Titles that meet the inclusion criteria and focusing on how the research discovery of the papers, in particular."
Results,Criteria,Your task is to carefully screen the provided titles of scientific papers to determine its relevance to this meta-analysis.
Results,Criteria,"Include titles only when you are certain their research results, are selected."
Results,Criteria,"By ensuring that the most relevant and appropriate studies, based on the results below."
Results,Criteria,"Be cautious not to exclude titles prematurely, ensuring that only the most relevant and exclude titles only when you are certain their research results, are selected."
Results,Criteria,"Carefully review each title to determine their relevance by focusing on how the research discovery of each titleâ€™s research discovery, outcomes, and findings of each title."
Results,Criteria,"Your task is to identify papers with results that meet the inclusion criteria, and exclude titles only when you are certain their research discovery does not contribute to its purpose."
Results,Criteria,"You have properly marked titles as relevant when a state-of-the-art gold standard meta-analysis would have excluded. focus on ensuring a balanced and thorough selection based on the research outcomes, findings, and results."
Results,Criteria,"Your careful evaluation, based on the outcomes, findings, and results of the titles, will form the foundation for the meta-analysis, enabling it to serve as a meaningful and rigorous synthesis of knowledge."
Results,Criteria,"Be cautious not to exclude titles only if you are confident their research outcomes, findings, and results."
Results,Criteria,"Exclude titles only if they clearly meet the inclusion criteria and exclude titles only if you are certain their research results, are selected."
Results,Criteria,The success of this meta-analysis depends on a meticulous selection process that ensures all relevant studies are considered.Aim to make choices that reflect the thoughtful judgment and expertise expected of a research team conducting a meta-analysis.
Results,Criteria,Include titles only when you are confident their results do not meet the general standards for inclusion.
Results,Criteria,"By ensuring that only the most relevant and valuable results are relevant and valuable research contributions, cutting-edge conclusions, and relevant findings."
Results,Criteria,You are tasked with screening the titles of scientific papers for their relevance in reflecting current relevant results and research outcomes.
Results,Criteria,Titles that meet the inclusion criteria and excluding those that fall under the exclusion criteria. focus on the results below.
Results,Criteria,"Approach this task systematically, focusing on how the research landscape."
Results,Criteria,"Approach this task systematically, focusing on the outcomes, findings, and results."
